<?xml version="1.0" encoding="UTF-8"?>
<CustomApplication xmlns="http://soap.sforce.com/2006/04/metadata">
    <brand>
        <headerColor>#CD08D7</headerColor>
        <shouldOverrideOrgTheme>false</shouldOverrideOrgTheme>
    </brand>
    <formFactors>Small</formFactors>
    <formFactors>Large</formFactors>
    <isNavAutoTempTabsDisabled>false</isNavAutoTempTabsDisabled>
    <isNavPersonalizationDisabled>false</isNavPersonalizationDisabled>
    <isNavTabPersistenceDisabled>false</isNavTabPersistenceDisabled>
    <label>Wisdom</label>
    <navType>Standard</navType>
    <tabs>standard-Account</tabs>
    <tabs>standard-Contact</tabs>
    <tabs>LWC_Play_Area</tabs>
    <tabs>Quote__c</tabs>
    <tabs>Quote_Topic__c</tabs>
    <tabs>Noted_Work__c</tabs>
    <uiType>Lightning</uiType>
    <utilityBar>Wisdom_UtilityBar</utilityBar>
</CustomApplication>
