<?xml version="1.0" encoding="UTF-8"?>
<CustomField xmlns="http://soap.sforce.com/2006/04/metadata">
    <fullName>Author__c</fullName>
    <deleteConstraint>SetNull</deleteConstraint>
    <externalId>false</externalId>
    <label>Author</label>
    <lookupFilter>
        <active>true</active>
        <filterItems>
            <field>Contact.Is_Author__c</field>
            <operation>equals</operation>
            <value>True</value>
        </filterItems>
        <isOptional>false</isOptional>
    </lookupFilter>
    <referenceTo>Contact</referenceTo>
    <relationshipLabel>Quotes</relationshipLabel>
    <relationshipName>Quotes</relationshipName>
    <required>false</required>
    <trackTrending>false</trackTrending>
    <type>Lookup</type>
</CustomField>
