<?xml version="1.0" encoding="UTF-8"?>
<CustomField xmlns="http://soap.sforce.com/2006/04/metadata">
    <fullName>Quote_Topic__c</fullName>
    <deleteConstraint>SetNull</deleteConstraint>
    <externalId>false</externalId>
    <label>Quote Topic</label>
    <referenceTo>Quote_Topic__c</referenceTo>
    <relationshipLabel>Quotes</relationshipLabel>
    <relationshipName>Quotes</relationshipName>
    <required>false</required>
    <trackTrending>false</trackTrending>
    <type>Lookup</type>
</CustomField>
